"0","# import the count tables "
"0","## PAC0068"
"0","PAC0068 <- read_delim(file = import_PAC_0068,"
"0","                         col_names = FALSE,"
"0","                         delim = ""\t"") %>%"
"0","  as.data.frame() %>%"
"0","  dplyr::select(ensembl=X1,PAC0068=X2)"
"2","[1mRows: [22m[34m58721[39m [1mColumns: [22m[34m2[39m"
"2","[36mâ”€â”€[39m [1mColumn specification[22m [36mâ”€â”€â”€â”€â”€â”€â”€â”€â”€â”€â”€â”€â”€â”€â”€â”€â”€â”€â”€â”€â”€â”€â”€â”€â”€â”€â”€â”€â”€â”€â”€â”€â”€â”€â”€â”€â”€â”€â”€â”€â”€â”€â”€â”€â”€â”€â”€â”€â”€â”€â”€â”€â”€â”€â”€â”€â”€â”€â”€â”€â”€â”€â”€â”€â”€â”€â”€â”€â”€â”€â”€â”€â”€â”€â”€â”€â”€â”€â”€â”€â”€â”€[39m
[1mDelimiter:[22m ""\t""
[31mchr[39m (1): X1
[32mdbl[39m (1): X2"
"2","
[36mâ„¹[39m Use `spec()` to retrieve the full column specification for this data.
[36mâ„¹[39m Specify the column types or set `show_col_types = FALSE` to quiet this message."
"0","## PAC0092"
"0","PAC0092 <- read_delim(file = import_PAC_0092,"
"0","                         col_names = FALSE,"
"0","                         delim = ""\t"") %>%"
"0","  as.data.frame() %>%"
"0","  dplyr::select(ensembl=X1,PAC0092=X2)"
"2","[1mRows: [22m[34m58721[39m [1mColumns: [22m[34m2[39m"
"2","[36mâ”€â”€[39m [1mColumn specification[22m [36mâ”€â”€â”€â”€â”€â”€â”€â”€â”€â”€â”€â”€â”€â”€â”€â”€â”€â”€â”€â”€â”€â”€â”€â”€â”€â”€â”€â”€â”€â”€â”€â”€â”€â”€â”€â”€â”€â”€â”€â”€â”€â”€â”€â”€â”€â”€â”€â”€â”€â”€â”€â”€â”€â”€â”€â”€â”€â”€â”€â”€â”€â”€â”€â”€â”€â”€â”€â”€â”€â”€â”€â”€â”€â”€â”€â”€â”€â”€â”€â”€â”€â”€[39m
[1mDelimiter:[22m ""\t""
[31mchr[39m (1): X1
[32mdbl[39m (1): X2"
"2","
[36mâ„¹[39m Use `spec()` to retrieve the full column specification for this data.
[36mâ„¹[39m Specify the column types or set `show_col_types = FALSE` to quiet this message."
"0","## PAC0125"
"0","PAC0125 <- read_delim(file = import_PAC_0125,"
"0","                         col_names = FALSE,"
"0","                         delim = ""\t"") %>%"
"0","  as.data.frame() %>%"
"0","  dplyr::select(ensembl=X1,PAC0125=X2)"
"2","[1mRows: [22m[34m58721[39m [1mColumns: [22m[34m2[39m"
"2","[36mâ”€â”€[39m [1mColumn specification[22m [36mâ”€â”€â”€â”€â”€â”€â”€â”€â”€â”€â”€â”€â”€â”€â”€â”€â”€â”€â”€â”€â”€â”€â”€â”€â”€â”€â”€â”€â”€â”€â”€â”€â”€â”€â”€â”€â”€â”€â”€â”€â”€â”€â”€â”€â”€â”€â”€â”€â”€â”€â”€â”€â”€â”€â”€â”€â”€â”€â”€â”€â”€â”€â”€â”€â”€â”€â”€â”€â”€â”€â”€â”€â”€â”€â”€â”€â”€â”€â”€â”€â”€â”€[39m
[1mDelimiter:[22m ""\t""
[31mchr[39m (1): X1
[32mdbl[39m (1): X2"
"2","
[36mâ„¹[39m Use `spec()` to retrieve the full column specification for this data.
[36mâ„¹[39m Specify the column types or set `show_col_types = FALSE` to quiet this message."
"0","## PAC0128"
"0","PAC0128 <- read_delim(file = import_PAC_0128,"
"0","                         col_names = FALSE,"
"0","                         delim = ""\t"") %>%"
"0","  as.data.frame() %>%"
"0","  dplyr::select(ensembl=X1,PAC0128=X2)"
"2","[1mRows: [22m[34m58721[39m [1mColumns: [22m[34m2[39m"
"2","[36mâ”€â”€[39m [1mColumn specification[22m [36mâ”€â”€â”€â”€â”€â”€â”€â”€â”€â”€â”€â”€â”€â”€â”€â”€â”€â”€â”€â”€â”€â”€â”€â”€â”€â”€â”€â”€â”€â”€â”€â”€â”€â”€â”€â”€â”€â”€â”€â”€â”€â”€â”€â”€â”€â”€â”€â”€â”€â”€â”€â”€â”€â”€â”€â”€â”€â”€â”€â”€â”€â”€â”€â”€â”€â”€â”€â”€â”€â”€â”€â”€â”€â”€â”€â”€â”€â”€â”€â”€â”€â”€[39m
[1mDelimiter:[22m ""\t""
[31mchr[39m (1): X1
[32mdbl[39m (1): X2"
"2","
[36mâ„¹[39m Use `spec()` to retrieve the full column specification for this data.
[36mâ„¹[39m Specify the column types or set `show_col_types = FALSE` to quiet this message."
"0","## PAC0130"
"0","PAC0130 <- read_delim(file = import_PAC_0130,"
"0","                         col_names = FALSE,"
"0","                         delim = ""\t"") %>%"
"0","  as.data.frame() %>%"
"0","  dplyr::select(ensembl=X1,PAC0130=X2)"
"2","[1mRows: [22m[34m58721[39m [1mColumns: [22m[34m2[39m"
"2","[36mâ”€â”€[39m [1mColumn specification[22m [36mâ”€â”€â”€â”€â”€â”€â”€â”€â”€â”€â”€â”€â”€â”€â”€â”€â”€â”€â”€â”€â”€â”€â”€â”€â”€â”€â”€â”€â”€â”€â”€â”€â”€â”€â”€â”€â”€â”€â”€â”€â”€â”€â”€â”€â”€â”€â”€â”€â”€â”€â”€â”€â”€â”€â”€â”€â”€â”€â”€â”€â”€â”€â”€â”€â”€â”€â”€â”€â”€â”€â”€â”€â”€â”€â”€â”€â”€â”€â”€â”€â”€â”€[39m
[1mDelimiter:[22m ""\t""
[31mchr[39m (1): X1
[32mdbl[39m (1): X2"
"2","
[36mâ„¹[39m Use `spec()` to retrieve the full column specification for this data.
[36mâ„¹[39m Specify the column types or set `show_col_types = FALSE` to quiet this message."
"0","## PAC0137"
"0","PAC0137 <- read_delim(file = import_PAC_0137,"
"0","                         col_names = FALSE,"
"0","                         delim = ""\t"") %>%"
"0","  as.data.frame() %>%"
"0","  dplyr::select(ensembl=X1,PAC0137=X2)"
"2","[1mRows: [22m[34m58721[39m [1mColumns: [22m[34m2[39m"
"2","[36mâ”€â”€[39m [1mColumn specification[22m [36mâ”€â”€â”€â”€â”€â”€â”€â”€â”€â”€â”€â”€â”€â”€â”€â”€â”€â”€â”€â”€â”€â”€â”€â”€â”€â”€â”€â”€â”€â”€â”€â”€â”€â”€â”€â”€â”€â”€â”€â”€â”€â”€â”€â”€â”€â”€â”€â”€â”€â”€â”€â”€â”€â”€â”€â”€â”€â”€â”€â”€â”€â”€â”€â”€â”€â”€â”€â”€â”€â”€â”€â”€â”€â”€â”€â”€â”€â”€â”€â”€â”€â”€[39m
[1mDelimiter:[22m ""\t""
[31mchr[39m (1): X1
[32mdbl[39m (1): X2"
"2","
[36mâ„¹[39m Use `spec()` to retrieve the full column specification for this data.
[36mâ„¹[39m Specify the column types or set `show_col_types = FALSE` to quiet this message."
"0","## PAC018"
"0","PAC018 <- read_delim(file = import_PAC018,"
"0","                         col_names = FALSE,"
"0","                         delim = ""\t"") %>%"
"0","  as.data.frame() %>%"
"0","  dplyr::select(ensembl=X1,PAC018=X2)"
"2","[1mRows: [22m[34m58721[39m [1mColumns: [22m[34m2[39m"
"2","[36mâ”€â”€[39m [1mColumn specification[22m [36mâ”€â”€â”€â”€â”€â”€â”€â”€â”€â”€â”€â”€â”€â”€â”€â”€â”€â”€â”€â”€â”€â”€â”€â”€â”€â”€â”€â”€â”€â”€â”€â”€â”€â”€â”€â”€â”€â”€â”€â”€â”€â”€â”€â”€â”€â”€â”€â”€â”€â”€â”€â”€â”€â”€â”€â”€â”€â”€â”€â”€â”€â”€â”€â”€â”€â”€â”€â”€â”€â”€â”€â”€â”€â”€â”€â”€â”€â”€â”€â”€â”€â”€[39m
[1mDelimiter:[22m ""\t""
[31mchr[39m (1): X1
[32mdbl[39m (1): X2"
"2","
[36mâ„¹[39m Use `spec()` to retrieve the full column specification for this data.
[36mâ„¹[39m Specify the column types or set `show_col_types = FALSE` to quiet this message."
"0","## PAC0192"
"0","PAC0192 <- read_delim(file = import_PAC_0192,"
"0","                         col_names = FALSE,"
"0","                         delim = ""\t"") %>%"
"0","  as.data.frame() %>%"
"0","  dplyr::select(ensembl=X1,PAC0192=X2)"
"2","[1mRows: [22m[34m58721[39m [1mColumns: [22m[34m2[39m"
"2","[36mâ”€â”€[39m [1mColumn specification[22m [36mâ”€â”€â”€â”€â”€â”€â”€â”€â”€â”€â”€â”€â”€â”€â”€â”€â”€â”€â”€â”€â”€â”€â”€â”€â”€â”€â”€â”€â”€â”€â”€â”€â”€â”€â”€â”€â”€â”€â”€â”€â”€â”€â”€â”€â”€â”€â”€â”€â”€â”€â”€â”€â”€â”€â”€â”€â”€â”€â”€â”€â”€â”€â”€â”€â”€â”€â”€â”€â”€â”€â”€â”€â”€â”€â”€â”€â”€â”€â”€â”€â”€â”€[39m
[1mDelimiter:[22m ""\t""
[31mchr[39m (1): X1
[32mdbl[39m (1): X2"
"2","
[36mâ„¹[39m Use `spec()` to retrieve the full column specification for this data.
[36mâ„¹[39m Specify the column types or set `show_col_types = FALSE` to quiet this message."
"0","## PAC020"
"0","PAC020 <- read_delim(file = import_PAC020,"
"0","                         col_names = FALSE,"
"0","                         delim = ""\t"") %>%"
"0","  as.data.frame() %>%"
"0","  dplyr::select(ensembl=X1,PAC020=X2)"
"2","[1mRows: [22m[34m58721[39m [1mColumns: [22m[34m2[39m"
"2","[36mâ”€â”€[39m [1mColumn specification[22m [36mâ”€â”€â”€â”€â”€â”€â”€â”€â”€â”€â”€â”€â”€â”€â”€â”€â”€â”€â”€â”€â”€â”€â”€â”€â”€â”€â”€â”€â”€â”€â”€â”€â”€â”€â”€â”€â”€â”€â”€â”€â”€â”€â”€â”€â”€â”€â”€â”€â”€â”€â”€â”€â”€â”€â”€â”€â”€â”€â”€â”€â”€â”€â”€â”€â”€â”€â”€â”€â”€â”€â”€â”€â”€â”€â”€â”€â”€â”€â”€â”€â”€â”€[39m
[1mDelimiter:[22m ""\t""
[31mchr[39m (1): X1
[32mdbl[39m (1): X2"
"2","
[36mâ„¹[39m Use `spec()` to retrieve the full column specification for this data.
[36mâ„¹[39m Specify the column types or set `show_col_types = FALSE` to quiet this message."
"0","## PAC021"
"0","PAC021 <- read_delim(file = import_PAC021,"
"0","                         col_names = FALSE,"
"0","                         delim = ""\t"") %>%"
"0","  as.data.frame() %>%"
"0","  dplyr::select(ensembl=X1,PAC021=X2)"
"2","[1mRows: [22m[34m58721[39m [1mColumns: [22m[34m2[39m"
"2","[36mâ”€â”€[39m [1mColumn specification[22m [36mâ”€â”€â”€â”€â”€â”€â”€â”€â”€â”€â”€â”€â”€â”€â”€â”€â”€â”€â”€â”€â”€â”€â”€â”€â”€â”€â”€â”€â”€â”€â”€â”€â”€â”€â”€â”€â”€â”€â”€â”€â”€â”€â”€â”€â”€â”€â”€â”€â”€â”€â”€â”€â”€â”€â”€â”€â”€â”€â”€â”€â”€â”€â”€â”€â”€â”€â”€â”€â”€â”€â”€â”€â”€â”€â”€â”€â”€â”€â”€â”€â”€â”€[39m
[1mDelimiter:[22m ""\t""
[31mchr[39m (1): X1
[32mdbl[39m (1): X2"
"2","
[36mâ„¹[39m Use `spec()` to retrieve the full column specification for this data.
[36mâ„¹[39m Specify the column types or set `show_col_types = FALSE` to quiet this message."
"0","## PAC0215"
"0","PAC0215 <- read_delim(file = import_PAC_0215,"
"0","                         col_names = FALSE,"
"0","                         delim = ""\t"") %>%"
"0","  as.data.frame() %>%"
"0","  dplyr::select(ensembl=X1,PAC0215=X2)"
"2","[1mRows: [22m[34m58721[39m [1mColumns: [22m[34m2[39m"
"2","[36mâ”€â”€[39m [1mColumn specification[22m [36mâ”€â”€â”€â”€â”€â”€â”€â”€â”€â”€â”€â”€â”€â”€â”€â”€â”€â”€â”€â”€â”€â”€â”€â”€â”€â”€â”€â”€â”€â”€â”€â”€â”€â”€â”€â”€â”€â”€â”€â”€â”€â”€â”€â”€â”€â”€â”€â”€â”€â”€â”€â”€â”€â”€â”€â”€â”€â”€â”€â”€â”€â”€â”€â”€â”€â”€â”€â”€â”€â”€â”€â”€â”€â”€â”€â”€â”€â”€â”€â”€â”€â”€[39m
[1mDelimiter:[22m ""\t""
[31mchr[39m (1): X1
[32mdbl[39m (1): X2"
"2","
[36mâ„¹[39m Use `spec()` to retrieve the full column specification for this data.
[36mâ„¹[39m Specify the column types or set `show_col_types = FALSE` to quiet this message."
"0","## PAC022"
"0","PAC022 <- read_delim(file = import_PAC022,"
"0","                         col_names = FALSE,"
"0","                         delim = ""\t"") %>%"
"0","  as.data.frame() %>%"
"0","  dplyr::select(ensembl=X1,PAC022=X2)"
"2","[1mRows: [22m[34m58721[39m [1mColumns: [22m[34m2[39m"
"2","[36mâ”€â”€[39m [1mColumn specification[22m [36mâ”€â”€â”€â”€â”€â”€â”€â”€â”€â”€â”€â”€â”€â”€â”€â”€â”€â”€â”€â”€â”€â”€â”€â”€â”€â”€â”€â”€â”€â”€â”€â”€â”€â”€â”€â”€â”€â”€â”€â”€â”€â”€â”€â”€â”€â”€â”€â”€â”€â”€â”€â”€â”€â”€â”€â”€â”€â”€â”€â”€â”€â”€â”€â”€â”€â”€â”€â”€â”€â”€â”€â”€â”€â”€â”€â”€â”€â”€â”€â”€â”€â”€[39m
[1mDelimiter:[22m ""\t""
[31mchr[39m (1): X1
[32mdbl[39m (1): X2"
"2","
[36mâ„¹[39m Use `spec()` to retrieve the full column specification for this data.
[36mâ„¹[39m Specify the column types or set `show_col_types = FALSE` to quiet this message."
"0","## PAC0221"
"0","PAC0221 <- read_delim(file = import_PAC_0221,"
"0","                         col_names = FALSE,"
"0","                         delim = ""\t"") %>%"
"0","  as.data.frame() %>%"
"0","  dplyr::select(ensembl=X1,PAC0221=X2)"
"2","[1mRows: [22m[34m58721[39m [1mColumns: [22m[34m2[39m"
"2","[36mâ”€â”€[39m [1mColumn specification[22m [36mâ”€â”€â”€â”€â”€â”€â”€â”€â”€â”€â”€â”€â”€â”€â”€â”€â”€â”€â”€â”€â”€â”€â”€â”€â”€â”€â”€â”€â”€â”€â”€â”€â”€â”€â”€â”€â”€â”€â”€â”€â”€â”€â”€â”€â”€â”€â”€â”€â”€â”€â”€â”€â”€â”€â”€â”€â”€â”€â”€â”€â”€â”€â”€â”€â”€â”€â”€â”€â”€â”€â”€â”€â”€â”€â”€â”€â”€â”€â”€â”€â”€â”€[39m
[1mDelimiter:[22m ""\t""
[31mchr[39m (1): X1
[32mdbl[39m (1): X2"
"2","
[36mâ„¹[39m Use `spec()` to retrieve the full column specification for this data.
[36mâ„¹[39m Specify the column types or set `show_col_types = FALSE` to quiet this message."
"0","## PAC023"
"0","PAC023 <- read_delim(file = import_PAC023,"
"0","                         col_names = FALSE,"
"0","                         delim = ""\t"") %>%"
"0","  as.data.frame() %>%"
"0","  dplyr::select(ensembl=X1,PAC023=X2)"
"2","[1mRows: [22m[34m58721[39m [1mColumns: [22m[34m2[39m"
"2","[36mâ”€â”€[39m [1mColumn specification[22m [36mâ”€â”€â”€â”€â”€â”€â”€â”€â”€â”€â”€â”€â”€â”€â”€â”€â”€â”€â”€â”€â”€â”€â”€â”€â”€â”€â”€â”€â”€â”€â”€â”€â”€â”€â”€â”€â”€â”€â”€â”€â”€â”€â”€â”€â”€â”€â”€â”€â”€â”€â”€â”€â”€â”€â”€â”€â”€â”€â”€â”€â”€â”€â”€â”€â”€â”€â”€â”€â”€â”€â”€â”€â”€â”€â”€â”€â”€â”€â”€â”€â”€â”€[39m
[1mDelimiter:[22m ""\t""
[31mchr[39m (1): X1
[32mdbl[39m (1): X2"
"2","
[36mâ„¹[39m Use `spec()` to retrieve the full column specification for this data.
[36mâ„¹[39m Specify the column types or set `show_col_types = FALSE` to quiet this message."
"0","## PAC026"
"0","PAC026 <- read_delim(file = import_PAC026,"
"0","                         col_names = FALSE,"
"0","                         delim = ""\t"") %>%"
"0","  as.data.frame() %>%"
"0","  dplyr::select(ensembl=X1,PAC026=X2)"
"2","[1mRows: [22m[34m58721[39m [1mColumns: [22m[34m2[39m"
"2","[36mâ”€â”€[39m [1mColumn specification[22m [36mâ”€â”€â”€â”€â”€â”€â”€â”€â”€â”€â”€â”€â”€â”€â”€â”€â”€â”€â”€â”€â”€â”€â”€â”€â”€â”€â”€â”€â”€â”€â”€â”€â”€â”€â”€â”€â”€â”€â”€â”€â”€â”€â”€â”€â”€â”€â”€â”€â”€â”€â”€â”€â”€â”€â”€â”€â”€â”€â”€â”€â”€â”€â”€â”€â”€â”€â”€â”€â”€â”€â”€â”€â”€â”€â”€â”€â”€â”€â”€â”€â”€â”€[39m
[1mDelimiter:[22m ""\t""
[31mchr[39m (1): X1
[32mdbl[39m (1): X2"
"2","
[36mâ„¹[39m Use `spec()` to retrieve the full column specification for this data.
[36mâ„¹[39m Specify the column types or set `show_col_types = FALSE` to quiet this message."
"0","## PAC029"
"0","PAC029 <- read_delim(file = import_PAC029,"
"0","                         col_names = FALSE,"
"0","                         delim = ""\t"") %>%"
"0","  as.data.frame() %>%"
"0","  dplyr::select(ensembl=X1,PAC029=X2)"
"2","[1mRows: [22m[34m58721[39m [1mColumns: [22m[34m2[39m"
"2","[36mâ”€â”€[39m [1mColumn specification[22m [36mâ”€â”€â”€â”€â”€â”€â”€â”€â”€â”€â”€â”€â”€â”€â”€â”€â”€â”€â”€â”€â”€â”€â”€â”€â”€â”€â”€â”€â”€â”€â”€â”€â”€â”€â”€â”€â”€â”€â”€â”€â”€â”€â”€â”€â”€â”€â”€â”€â”€â”€â”€â”€â”€â”€â”€â”€â”€â”€â”€â”€â”€â”€â”€â”€â”€â”€â”€â”€â”€â”€â”€â”€â”€â”€â”€â”€â”€â”€â”€â”€â”€â”€[39m
[1mDelimiter:[22m ""\t""
[31mchr[39m (1): X1
[32mdbl[39m (1): X2"
"2","
[36mâ„¹[39m Use `spec()` to retrieve the full column specification for this data.
[36mâ„¹[39m Specify the column types or set `show_col_types = FALSE` to quiet this message."
"0","## PAC030"
"0","PAC030 <- read_delim(file = import_PAC030,"
"0","                         col_names = FALSE,"
"0","                         delim = ""\t"") %>%"
"0","  as.data.frame() %>%"
"0","  dplyr::select(ensembl=X1,PAC030=X2)"
"2","[1mRows: [22m[34m58721[39m [1mColumns: [22m[34m2[39m"
"2","[36mâ”€â”€[39m [1mColumn specification[22m [36mâ”€â”€â”€â”€â”€â”€â”€â”€â”€â”€â”€â”€â”€â”€â”€â”€â”€â”€â”€â”€â”€â”€â”€â”€â”€â”€â”€â”€â”€â”€â”€â”€â”€â”€â”€â”€â”€â”€â”€â”€â”€â”€â”€â”€â”€â”€â”€â”€â”€â”€â”€â”€â”€â”€â”€â”€â”€â”€â”€â”€â”€â”€â”€â”€â”€â”€â”€â”€â”€â”€â”€â”€â”€â”€â”€â”€â”€â”€â”€â”€â”€â”€[39m
[1mDelimiter:[22m ""\t""
[31mchr[39m (1): X1
[32mdbl[39m (1): X2"
"2","
[36mâ„¹[39m Use `spec()` to retrieve the full column specification for this data.
[36mâ„¹[39m Specify the column types or set `show_col_types = FALSE` to quiet this message."
"0","## PAC031"
"0","PAC031 <- read_delim(file = import_PAC031,"
"0","                         col_names = FALSE,"
"0","                         delim = ""\t"") %>%"
"0","  as.data.frame() %>%"
"0","  dplyr::select(ensembl=X1,PAC031=X2)"
"2","[1mRows: [22m[34m58721[39m [1mColumns: [22m[34m2[39m"
"2","[36mâ”€â”€[39m [1mColumn specification[22m [36mâ”€â”€â”€â”€â”€â”€â”€â”€â”€â”€â”€â”€â”€â”€â”€â”€â”€â”€â”€â”€â”€â”€â”€â”€â”€â”€â”€â”€â”€â”€â”€â”€â”€â”€â”€â”€â”€â”€â”€â”€â”€â”€â”€â”€â”€â”€â”€â”€â”€â”€â”€â”€â”€â”€â”€â”€â”€â”€â”€â”€â”€â”€â”€â”€â”€â”€â”€â”€â”€â”€â”€â”€â”€â”€â”€â”€â”€â”€â”€â”€â”€â”€[39m
[1mDelimiter:[22m ""\t""
[31mchr[39m (1): X1
[32mdbl[39m (1): X2"
"2","
[36mâ„¹[39m Use `spec()` to retrieve the full column specification for this data.
[36mâ„¹[39m Specify the column types or set `show_col_types = FALSE` to quiet this message."
"0","## PAC032"
"0","PAC032 <- read_delim(file = import_PAC032,"
"0","                         col_names = FALSE,"
"0","                         delim = ""\t"") %>%"
"0","  as.data.frame() %>%"
"0","  dplyr::select(ensembl=X1,PAC032=X2)"
"2","[1mRows: [22m[34m58721[39m [1mColumns: [22m[34m2[39m"
"2","[36mâ”€â”€[39m [1mColumn specification[22m [36mâ”€â”€â”€â”€â”€â”€â”€â”€â”€â”€â”€â”€â”€â”€â”€â”€â”€â”€â”€â”€â”€â”€â”€â”€â”€â”€â”€â”€â”€â”€â”€â”€â”€â”€â”€â”€â”€â”€â”€â”€â”€â”€â”€â”€â”€â”€â”€â”€â”€â”€â”€â”€â”€â”€â”€â”€â”€â”€â”€â”€â”€â”€â”€â”€â”€â”€â”€â”€â”€â”€â”€â”€â”€â”€â”€â”€â”€â”€â”€â”€â”€â”€[39m
[1mDelimiter:[22m ""\t""
[31mchr[39m (1): X1
[32mdbl[39m (1): X2"
"2","
[36mâ„¹[39m Use `spec()` to retrieve the full column specification for this data.
[36mâ„¹[39m Specify the column types or set `show_col_types = FALSE` to quiet this message."
"0","## PAC040"
"0","PAC040 <- read_delim(file = import_PAC040,"
"0","                         col_names = FALSE,"
"0","                         delim = ""\t"") %>%"
"0","  as.data.frame() %>%"
"0","  dplyr::select(ensembl=X1,PAC040=X2)"
"2","[1mRows: [22m[34m58721[39m [1mColumns: [22m[34m2[39m"
"2","[36mâ”€â”€[39m [1mColumn specification[22m [36mâ”€â”€â”€â”€â”€â”€â”€â”€â”€â”€â”€â”€â”€â”€â”€â”€â”€â”€â”€â”€â”€â”€â”€â”€â”€â”€â”€â”€â”€â”€â”€â”€â”€â”€â”€â”€â”€â”€â”€â”€â”€â”€â”€â”€â”€â”€â”€â”€â”€â”€â”€â”€â”€â”€â”€â”€â”€â”€â”€â”€â”€â”€â”€â”€â”€â”€â”€â”€â”€â”€â”€â”€â”€â”€â”€â”€â”€â”€â”€â”€â”€â”€[39m
[1mDelimiter:[22m ""\t""
[31mchr[39m (1): X1
[32mdbl[39m (1): X2"
"2","
[36mâ„¹[39m Use `spec()` to retrieve the full column specification for this data.
[36mâ„¹[39m Specify the column types or set `show_col_types = FALSE` to quiet this message."
"0","## PAC043"
"0","PAC043 <- read_delim(file = import_PAC043,"
"0","                         col_names = FALSE,"
"0","                         delim = ""\t"") %>%"
"0","  as.data.frame() %>%"
"0","  dplyr::select(ensembl=X1,PAC043=X2)"
"2","[1mRows: [22m[34m58721[39m [1mColumns: [22m[34m2[39m"
"2","[36mâ”€â”€[39m [1mColumn specification[22m [36mâ”€â”€â”€â”€â”€â”€â”€â”€â”€â”€â”€â”€â”€â”€â”€â”€â”€â”€â”€â”€â”€â”€â”€â”€â”€â”€â”€â”€â”€â”€â”€â”€â”€â”€â”€â”€â”€â”€â”€â”€â”€â”€â”€â”€â”€â”€â”€â”€â”€â”€â”€â”€â”€â”€â”€â”€â”€â”€â”€â”€â”€â”€â”€â”€â”€â”€â”€â”€â”€â”€â”€â”€â”€â”€â”€â”€â”€â”€â”€â”€â”€â”€[39m
[1mDelimiter:[22m ""\t""
[31mchr[39m (1): X1
[32mdbl[39m (1): X2"
"2","
[36mâ„¹[39m Use `spec()` to retrieve the full column specification for this data.
[36mâ„¹[39m Specify the column types or set `show_col_types = FALSE` to quiet this message."
"0","## PAC054"
"0","PAC054 <- read_delim(file = import_PAC054,"
"0","                         col_names = FALSE,"
"0","                         delim = ""\t"") %>%"
"0","  as.data.frame() %>%"
"0","  dplyr::select(ensembl=X1,PAC054=X2)"
"2","[1mRows: [22m[34m58721[39m [1mColumns: [22m[34m2[39m"
"2","[36mâ”€â”€[39m [1mColumn specification[22m [36mâ”€â”€â”€â”€â”€â”€â”€â”€â”€â”€â”€â”€â”€â”€â”€â”€â”€â”€â”€â”€â”€â”€â”€â”€â”€â”€â”€â”€â”€â”€â”€â”€â”€â”€â”€â”€â”€â”€â”€â”€â”€â”€â”€â”€â”€â”€â”€â”€â”€â”€â”€â”€â”€â”€â”€â”€â”€â”€â”€â”€â”€â”€â”€â”€â”€â”€â”€â”€â”€â”€â”€â”€â”€â”€â”€â”€â”€â”€â”€â”€â”€â”€[39m
[1mDelimiter:[22m ""\t""
[31mchr[39m (1): X1
[32mdbl[39m (1): X2"
"2","
[36mâ„¹[39m Use `spec()` to retrieve the full column specification for this data.
[36mâ„¹[39m Specify the column types or set `show_col_types = FALSE` to quiet this message."
"0","## PAC057"
"0","PAC057 <- read_delim(file = import_PAC057,"
"0","                         col_names = FALSE,"
"0","                         delim = ""\t"") %>%"
"0","  as.data.frame() %>%"
"0","  dplyr::select(ensembl=X1,PAC057=X2)"
"2","[1mRows: [22m[34m58721[39m [1mColumns: [22m[34m2[39m"
"2","[36mâ”€â”€[39m [1mColumn specification[22m [36mâ”€â”€â”€â”€â”€â”€â”€â”€â”€â”€â”€â”€â”€â”€â”€â”€â”€â”€â”€â”€â”€â”€â”€â”€â”€â”€â”€â”€â”€â”€â”€â”€â”€â”€â”€â”€â”€â”€â”€â”€â”€â”€â”€â”€â”€â”€â”€â”€â”€â”€â”€â”€â”€â”€â”€â”€â”€â”€â”€â”€â”€â”€â”€â”€â”€â”€â”€â”€â”€â”€â”€â”€â”€â”€â”€â”€â”€â”€â”€â”€â”€â”€[39m
[1mDelimiter:[22m ""\t""
[31mchr[39m (1): X1
[32mdbl[39m (1): X2"
"2","
[36mâ„¹[39m Use `spec()` to retrieve the full column specification for this data.
[36mâ„¹[39m Specify the column types or set `show_col_types = FALSE` to quiet this message."
"0","## PAC065"
"0","PAC065 <- read_delim(file = import_PAC065,"
"0","                         col_names = FALSE,"
"0","                         delim = ""\t"") %>%"
"0","  as.data.frame() %>%"
"0","  dplyr::select(ensembl=X1,PAC065=X2)"
"2","[1mRows: [22m[34m58721[39m [1mColumns: [22m[34m2[39m"
"2","[36mâ”€â”€[39m [1mColumn specification[22m [36mâ”€â”€â”€â”€â”€â”€â”€â”€â”€â”€â”€â”€â”€â”€â”€â”€â”€â”€â”€â”€â”€â”€â”€â”€â”€â”€â”€â”€â”€â”€â”€â”€â”€â”€â”€â”€â”€â”€â”€â”€â”€â”€â”€â”€â”€â”€â”€â”€â”€â”€â”€â”€â”€â”€â”€â”€â”€â”€â”€â”€â”€â”€â”€â”€â”€â”€â”€â”€â”€â”€â”€â”€â”€â”€â”€â”€â”€â”€â”€â”€â”€â”€[39m
[1mDelimiter:[22m ""\t""
[31mchr[39m (1): X1
[32mdbl[39m (1): X2"
"2","
[36mâ„¹[39m Use `spec()` to retrieve the full column specification for this data.
[36mâ„¹[39m Specify the column types or set `show_col_types = FALSE` to quiet this message."
"0","## PAC069"
"0","PAC069 <- read_delim(file = import_PAC069,"
"0","                         col_names = FALSE,"
"0","                         delim = ""\t"") %>%"
"0","  as.data.frame() %>%"
"0","  dplyr::select(ensembl=X1,PAC069=X2)"
"2","[1mRows: [22m[34m58721[39m [1mColumns: [22m[34m2[39m"
"2","[36mâ”€â”€[39m [1mColumn specification[22m [36mâ”€â”€â”€â”€â”€â”€â”€â”€â”€â”€â”€â”€â”€â”€â”€â”€â”€â”€â”€â”€â”€â”€â”€â”€â”€â”€â”€â”€â”€â”€â”€â”€â”€â”€â”€â”€â”€â”€â”€â”€â”€â”€â”€â”€â”€â”€â”€â”€â”€â”€â”€â”€â”€â”€â”€â”€â”€â”€â”€â”€â”€â”€â”€â”€â”€â”€â”€â”€â”€â”€â”€â”€â”€â”€â”€â”€â”€â”€â”€â”€â”€â”€[39m
[1mDelimiter:[22m ""\t""
[31mchr[39m (1): X1
[32mdbl[39m (1): X2"
"2","
[36mâ„¹[39m Use `spec()` to retrieve the full column specification for this data.
[36mâ„¹[39m Specify the column types or set `show_col_types = FALSE` to quiet this message."
"0","## PAC070"
"0","PAC070 <- read_delim(file = import_PAC070,"
"0","                         col_names = FALSE,"
"0","                         delim = ""\t"") %>%"
"0","  as.data.frame() %>%"
"0","  dplyr::select(ensembl=X1,PAC070=X2)"
"2","[1mRows: [22m[34m58721[39m [1mColumns: [22m[34m2[39m"
"2","[36mâ”€â”€[39m [1mColumn specification[22m [36mâ”€â”€â”€â”€â”€â”€â”€â”€â”€â”€â”€â”€â”€â”€â”€â”€â”€â”€â”€â”€â”€â”€â”€â”€â”€â”€â”€â”€â”€â”€â”€â”€â”€â”€â”€â”€â”€â”€â”€â”€â”€â”€â”€â”€â”€â”€â”€â”€â”€â”€â”€â”€â”€â”€â”€â”€â”€â”€â”€â”€â”€â”€â”€â”€â”€â”€â”€â”€â”€â”€â”€â”€â”€â”€â”€â”€â”€â”€â”€â”€â”€â”€[39m
[1mDelimiter:[22m ""\t""
[31mchr[39m (1): X1
[32mdbl[39m (1): X2"
"2","
[36mâ„¹[39m Use `spec()` to retrieve the full column specification for this data.
[36mâ„¹[39m Specify the column types or set `show_col_types = FALSE` to quiet this message."
"0","## PAC072"
"0","PAC072 <- read_delim(file = import_PAC072,"
"0","                         col_names = FALSE,"
"0","                         delim = ""\t"") %>%"
"0","  as.data.frame() %>%"
"0","  dplyr::select(ensembl=X1,PAC072=X2)"
"2","[1mRows: [22m[34m58721[39m [1mColumns: [22m[34m2[39m"
"2","[36mâ”€â”€[39m [1mColumn specification[22m [36mâ”€â”€â”€â”€â”€â”€â”€â”€â”€â”€â”€â”€â”€â”€â”€â”€â”€â”€â”€â”€â”€â”€â”€â”€â”€â”€â”€â”€â”€â”€â”€â”€â”€â”€â”€â”€â”€â”€â”€â”€â”€â”€â”€â”€â”€â”€â”€â”€â”€â”€â”€â”€â”€â”€â”€â”€â”€â”€â”€â”€â”€â”€â”€â”€â”€â”€â”€â”€â”€â”€â”€â”€â”€â”€â”€â”€â”€â”€â”€â”€â”€â”€[39m
[1mDelimiter:[22m ""\t""
[31mchr[39m (1): X1
[32mdbl[39m (1): X2"
"2","
[36mâ„¹[39m Use `spec()` to retrieve the full column specification for this data.
[36mâ„¹[39m Specify the column types or set `show_col_types = FALSE` to quiet this message."
"0","## PAC075"
"0","PAC075 <- read_delim(file = import_PAC075,"
"0","                         col_names = FALSE,"
"0","                         delim = ""\t"") %>%"
"0","  as.data.frame() %>%"
"0","  dplyr::select(ensembl=X1,PAC075=X2)"
"2","[1mRows: [22m[34m58721[39m [1mColumns: [22m[34m2[39m"
"2","[36mâ”€â”€[39m [1mColumn specification[22m [36mâ”€â”€â”€â”€â”€â”€â”€â”€â”€â”€â”€â”€â”€â”€â”€â”€â”€â”€â”€â”€â”€â”€â”€â”€â”€â”€â”€â”€â”€â”€â”€â”€â”€â”€â”€â”€â”€â”€â”€â”€â”€â”€â”€â”€â”€â”€â”€â”€â”€â”€â”€â”€â”€â”€â”€â”€â”€â”€â”€â”€â”€â”€â”€â”€â”€â”€â”€â”€â”€â”€â”€â”€â”€â”€â”€â”€â”€â”€â”€â”€â”€â”€[39m
[1mDelimiter:[22m ""\t""
[31mchr[39m (1): X1
[32mdbl[39m (1): X2"
"2","
[36mâ„¹[39m Use `spec()` to retrieve the full column specification for this data.
[36mâ„¹[39m Specify the column types or set `show_col_types = FALSE` to quiet this message."
"0","## PAC076"
"0","PAC076 <- read_delim(file = import_PAC076,"
"0","                         col_names = FALSE,"
"0","                         delim = ""\t"") %>%"
"0","  as.data.frame() %>%"
"0","  dplyr::select(ensembl=X1,PAC076=X2)"
"2","[1mRows: [22m[34m58721[39m [1mColumns: [22m[34m2[39m"
"2","[36mâ”€â”€[39m [1mColumn specification[22m [36mâ”€â”€â”€â”€â”€â”€â”€â”€â”€â”€â”€â”€â”€â”€â”€â”€â”€â”€â”€â”€â”€â”€â”€â”€â”€â”€â”€â”€â”€â”€â”€â”€â”€â”€â”€â”€â”€â”€â”€â”€â”€â”€â”€â”€â”€â”€â”€â”€â”€â”€â”€â”€â”€â”€â”€â”€â”€â”€â”€â”€â”€â”€â”€â”€â”€â”€â”€â”€â”€â”€â”€â”€â”€â”€â”€â”€â”€â”€â”€â”€â”€â”€[39m
[1mDelimiter:[22m ""\t""
[31mchr[39m (1): X1
[32mdbl[39m (1): X2"
"2","
[36mâ„¹[39m Use `spec()` to retrieve the full column specification for this data.
[36mâ„¹[39m Specify the column types or set `show_col_types = FALSE` to quiet this message."
"0","## PAC077"
"0","PAC077 <- read_delim(file = import_PAC077,"
"0","                         col_names = FALSE,"
"0","                         delim = ""\t"") %>%"
"0","  as.data.frame() %>%"
"0","  dplyr::select(ensembl=X1,PAC077=X2)"
"2","[1mRows: [22m[34m58721[39m [1mColumns: [22m[34m2[39m"
"2","[36mâ”€â”€[39m [1mColumn specification[22m [36mâ”€â”€â”€â”€â”€â”€â”€â”€â”€â”€â”€â”€â”€â”€â”€â”€â”€â”€â”€â”€â”€â”€â”€â”€â”€â”€â”€â”€â”€â”€â”€â”€â”€â”€â”€â”€â”€â”€â”€â”€â”€â”€â”€â”€â”€â”€â”€â”€â”€â”€â”€â”€â”€â”€â”€â”€â”€â”€â”€â”€â”€â”€â”€â”€â”€â”€â”€â”€â”€â”€â”€â”€â”€â”€â”€â”€â”€â”€â”€â”€â”€â”€[39m
[1mDelimiter:[22m ""\t""
[31mchr[39m (1): X1
[32mdbl[39m (1): X2"
"2","
[36mâ„¹[39m Use `spec()` to retrieve the full column specification for this data.
[36mâ„¹[39m Specify the column types or set `show_col_types = FALSE` to quiet this message."
"0","## PAC087"
"0","PAC087 <- read_delim(file = import_PAC087,"
"0","                         col_names = FALSE,"
"0","                         delim = ""\t"") %>%"
"0","  as.data.frame() %>%"
"0","  dplyr::select(ensembl=X1,PAC087=X2)"
"2","[1mRows: [22m[34m58721[39m [1mColumns: [22m[34m2[39m"
"2","[36mâ”€â”€[39m [1mColumn specification[22m [36mâ”€â”€â”€â”€â”€â”€â”€â”€â”€â”€â”€â”€â”€â”€â”€â”€â”€â”€â”€â”€â”€â”€â”€â”€â”€â”€â”€â”€â”€â”€â”€â”€â”€â”€â”€â”€â”€â”€â”€â”€â”€â”€â”€â”€â”€â”€â”€â”€â”€â”€â”€â”€â”€â”€â”€â”€â”€â”€â”€â”€â”€â”€â”€â”€â”€â”€â”€â”€â”€â”€â”€â”€â”€â”€â”€â”€â”€â”€â”€â”€â”€â”€[39m
[1mDelimiter:[22m ""\t""
[31mchr[39m (1): X1
[32mdbl[39m (1): X2"
"2","
[36mâ„¹[39m Use `spec()` to retrieve the full column specification for this data.
[36mâ„¹[39m Specify the column types or set `show_col_types = FALSE` to quiet this message."
"0","## PAC093"
"0","PAC093 <- read_delim(file = import_PAC093,"
"0","                         col_names = FALSE,"
"0","                         delim = ""\t"") %>%"
"0","  as.data.frame() %>%"
"0","  dplyr::select(ensembl=X1,PAC093=X2)"
"2","[1mRows: [22m[34m58721[39m [1mColumns: [22m[34m2[39m"
"2","[36mâ”€â”€[39m [1mColumn specification[22m [36mâ”€â”€â”€â”€â”€â”€â”€â”€â”€â”€â”€â”€â”€â”€â”€â”€â”€â”€â”€â”€â”€â”€â”€â”€â”€â”€â”€â”€â”€â”€â”€â”€â”€â”€â”€â”€â”€â”€â”€â”€â”€â”€â”€â”€â”€â”€â”€â”€â”€â”€â”€â”€â”€â”€â”€â”€â”€â”€â”€â”€â”€â”€â”€â”€â”€â”€â”€â”€â”€â”€â”€â”€â”€â”€â”€â”€â”€â”€â”€â”€â”€â”€[39m
[1mDelimiter:[22m ""\t""
[31mchr[39m (1): X1
[32mdbl[39m (1): X2"
"2","
[36mâ„¹[39m Use `spec()` to retrieve the full column specification for this data.
[36mâ„¹[39m Specify the column types or set `show_col_types = FALSE` to quiet this message."
"0","## PAC098"
"0","PAC098 <- read_delim(file = import_PAC098,"
"0","                         col_names = FALSE,"
"0","                         delim = ""\t"") %>%"
"0","  as.data.frame() %>%"
"0","  dplyr::select(ensembl=X1,PAC098=X2)"
"2","[1mRows: [22m[34m58721[39m [1mColumns: [22m[34m2[39m"
"2","[36mâ”€â”€[39m [1mColumn specification[22m [36mâ”€â”€â”€â”€â”€â”€â”€â”€â”€â”€â”€â”€â”€â”€â”€â”€â”€â”€â”€â”€â”€â”€â”€â”€â”€â”€â”€â”€â”€â”€â”€â”€â”€â”€â”€â”€â”€â”€â”€â”€â”€â”€â”€â”€â”€â”€â”€â”€â”€â”€â”€â”€â”€â”€â”€â”€â”€â”€â”€â”€â”€â”€â”€â”€â”€â”€â”€â”€â”€â”€â”€â”€â”€â”€â”€â”€â”€â”€â”€â”€â”€â”€[39m
[1mDelimiter:[22m ""\t""
[31mchr[39m (1): X1
[32mdbl[39m (1): X2"
"2","
[36mâ„¹[39m Use `spec()` to retrieve the full column specification for this data.
[36mâ„¹[39m Specify the column types or set `show_col_types = FALSE` to quiet this message."
"0","## PAC103"
"0","PAC103 <- read_delim(file = import_PAC103,"
"0","                         col_names = FALSE,"
"0","                         delim = ""\t"") %>%"
"0","  as.data.frame() %>%"
"0","  dplyr::select(ensembl=X1,PAC103=X2)"
"2","[1mRows: [22m[34m58721[39m [1mColumns: [22m[34m2[39m"
"2","[36mâ”€â”€[39m [1mColumn specification[22m [36mâ”€â”€â”€â”€â”€â”€â”€â”€â”€â”€â”€â”€â”€â”€â”€â”€â”€â”€â”€â”€â”€â”€â”€â”€â”€â”€â”€â”€â”€â”€â”€â”€â”€â”€â”€â”€â”€â”€â”€â”€â”€â”€â”€â”€â”€â”€â”€â”€â”€â”€â”€â”€â”€â”€â”€â”€â”€â”€â”€â”€â”€â”€â”€â”€â”€â”€â”€â”€â”€â”€â”€â”€â”€â”€â”€â”€â”€â”€â”€â”€â”€â”€[39m
[1mDelimiter:[22m ""\t""
[31mchr[39m (1): X1
[32mdbl[39m (1): X2"
"2","
[36mâ„¹[39m Use `spec()` to retrieve the full column specification for this data.
[36mâ„¹[39m Specify the column types or set `show_col_types = FALSE` to quiet this message."
"0","## PAC108"
"0","PAC108 <- read_delim(file = import_PAC108,"
"0","                         col_names = FALSE,"
"0","                         delim = ""\t"") %>%"
"0","  as.data.frame() %>%"
"0","  dplyr::select(ensembl=X1,PAC108=X2)"
"2","[1mRows: [22m[34m58721[39m [1mColumns: [22m[34m2[39m"
"2","[36mâ”€â”€[39m [1mColumn specification[22m [36mâ”€â”€â”€â”€â”€â”€â”€â”€â”€â”€â”€â”€â”€â”€â”€â”€â”€â”€â”€â”€â”€â”€â”€â”€â”€â”€â”€â”€â”€â”€â”€â”€â”€â”€â”€â”€â”€â”€â”€â”€â”€â”€â”€â”€â”€â”€â”€â”€â”€â”€â”€â”€â”€â”€â”€â”€â”€â”€â”€â”€â”€â”€â”€â”€â”€â”€â”€â”€â”€â”€â”€â”€â”€â”€â”€â”€â”€â”€â”€â”€â”€â”€[39m
[1mDelimiter:[22m ""\t""
[31mchr[39m (1): X1
[32mdbl[39m (1): X2"
"2","
[36mâ„¹[39m Use `spec()` to retrieve the full column specification for this data.
[36mâ„¹[39m Specify the column types or set `show_col_types = FALSE` to quiet this message."
"0","## PAC114"
"0","PAC114 <- read_delim(file = import_PAC114,"
"0","                         col_names = FALSE,"
"0","                         delim = ""\t"") %>%"
"0","  as.data.frame() %>%"
"0","  dplyr::select(ensembl=X1,PAC114=X2)"
"2","[1mRows: [22m[34m58721[39m [1mColumns: [22m[34m2[39m"
"2","[36mâ”€â”€[39m [1mColumn specification[22m [36mâ”€â”€â”€â”€â”€â”€â”€â”€â”€â”€â”€â”€â”€â”€â”€â”€â”€â”€â”€â”€â”€â”€â”€â”€â”€â”€â”€â”€â”€â”€â”€â”€â”€â”€â”€â”€â”€â”€â”€â”€â”€â”€â”€â”€â”€â”€â”€â”€â”€â”€â”€â”€â”€â”€â”€â”€â”€â”€â”€â”€â”€â”€â”€â”€â”€â”€â”€â”€â”€â”€â”€â”€â”€â”€â”€â”€â”€â”€â”€â”€â”€â”€[39m
[1mDelimiter:[22m ""\t""
[31mchr[39m (1): X1
[32mdbl[39m (1): X2"
"2","
[36mâ„¹[39m Use `spec()` to retrieve the full column specification for this data.
[36mâ„¹[39m Specify the column types or set `show_col_types = FALSE` to quiet this message."
"0","## PAC117"
"0","PAC117 <- read_delim(file = import_PAC117,"
"0","                         col_names = FALSE,"
"0","                         delim = ""\t"") %>%"
"0","  as.data.frame() %>%"
"0","  dplyr::select(ensembl=X1,PAC117=X2)"
"2","[1mRows: [22m[34m58721[39m [1mColumns: [22m[34m2[39m"
"2","[36mâ”€â”€[39m [1mColumn specification[22m [36mâ”€â”€â”€â”€â”€â”€â”€â”€â”€â”€â”€â”€â”€â”€â”€â”€â”€â”€â”€â”€â”€â”€â”€â”€â”€â”€â”€â”€â”€â”€â”€â”€â”€â”€â”€â”€â”€â”€â”€â”€â”€â”€â”€â”€â”€â”€â”€â”€â”€â”€â”€â”€â”€â”€â”€â”€â”€â”€â”€â”€â”€â”€â”€â”€â”€â”€â”€â”€â”€â”€â”€â”€â”€â”€â”€â”€â”€â”€â”€â”€â”€â”€[39m
[1mDelimiter:[22m ""\t""
[31mchr[39m (1): X1
[32mdbl[39m (1): X2"
"2","
[36mâ„¹[39m Use `spec()` to retrieve the full column specification for this data.
[36mâ„¹[39m Specify the column types or set `show_col_types = FALSE` to quiet this message."
"0","## PAC120"
"0","PAC120 <- read_delim(file = import_PAC120,"
"0","                         col_names = FALSE,"
"0","                         delim = ""\t"") %>%"
"0","  as.data.frame() %>%"
"0","  dplyr::select(ensembl=X1,PAC120=X2)"
"2","[1mRows: [22m[34m58721[39m [1mColumns: [22m[34m2[39m"
"2","[36mâ”€â”€[39m [1mColumn specification[22m [36mâ”€â”€â”€â”€â”€â”€â”€â”€â”€â”€â”€â”€â”€â”€â”€â”€â”€â”€â”€â”€â”€â”€â”€â”€â”€â”€â”€â”€â”€â”€â”€â”€â”€â”€â”€â”€â”€â”€â”€â”€â”€â”€â”€â”€â”€â”€â”€â”€â”€â”€â”€â”€â”€â”€â”€â”€â”€â”€â”€â”€â”€â”€â”€â”€â”€â”€â”€â”€â”€â”€â”€â”€â”€â”€â”€â”€â”€â”€â”€â”€â”€â”€[39m
[1mDelimiter:[22m ""\t""
[31mchr[39m (1): X1
[32mdbl[39m (1): X2"
"2","
[36mâ„¹[39m Use `spec()` to retrieve the full column specification for this data.
[36mâ„¹[39m Specify the column types or set `show_col_types = FALSE` to quiet this message."
"0","## PAC127"
"0","PAC127 <- read_delim(file = import_PAC127,"
"0","                         col_names = FALSE,"
"0","                         delim = ""\t"") %>%"
"0","  as.data.frame() %>%"
"0","  dplyr::select(ensembl=X1,PAC127=X2)"
"2","[1mRows: [22m[34m58721[39m [1mColumns: [22m[34m2[39m"
"2","[36mâ”€â”€[39m [1mColumn specification[22m [36mâ”€â”€â”€â”€â”€â”€â”€â”€â”€â”€â”€â”€â”€â”€â”€â”€â”€â”€â”€â”€â”€â”€â”€â”€â”€â”€â”€â”€â”€â”€â”€â”€â”€â”€â”€â”€â”€â”€â”€â”€â”€â”€â”€â”€â”€â”€â”€â”€â”€â”€â”€â”€â”€â”€â”€â”€â”€â”€â”€â”€â”€â”€â”€â”€â”€â”€â”€â”€â”€â”€â”€â”€â”€â”€â”€â”€â”€â”€â”€â”€â”€â”€[39m
[1mDelimiter:[22m ""\t""
[31mchr[39m (1): X1
[32mdbl[39m (1): X2"
"2","
[36mâ„¹[39m Use `spec()` to retrieve the full column specification for this data.
[36mâ„¹[39m Specify the column types or set `show_col_types = FALSE` to quiet this message."
"0","## PAC129"
"0","PAC129 <- read_delim(file = import_PAC129,"
"0","                         col_names = FALSE,"
"0","                         delim = ""\t"") %>%"
"0","  as.data.frame() %>%"
"0","  dplyr::select(ensembl=X1,PAC129=X2)"
"2","[1mRows: [22m[34m58721[39m [1mColumns: [22m[34m2[39m"
"2","[36mâ”€â”€[39m [1mColumn specification[22m [36mâ”€â”€â”€â”€â”€â”€â”€â”€â”€â”€â”€â”€â”€â”€â”€â”€â”€â”€â”€â”€â”€â”€â”€â”€â”€â”€â”€â”€â”€â”€â”€â”€â”€â”€â”€â”€â”€â”€â”€â”€â”€â”€â”€â”€â”€â”€â”€â”€â”€â”€â”€â”€â”€â”€â”€â”€â”€â”€â”€â”€â”€â”€â”€â”€â”€â”€â”€â”€â”€â”€â”€â”€â”€â”€â”€â”€â”€â”€â”€â”€â”€â”€[39m
[1mDelimiter:[22m ""\t""
[31mchr[39m (1): X1
[32mdbl[39m (1): X2"
"2","
[36mâ„¹[39m Use `spec()` to retrieve the full column specification for this data.
[36mâ„¹[39m Specify the column types or set `show_col_types = FALSE` to quiet this message."
"0","## PAC139"
"0","PAC139 <- read_delim(file = import_PAC139,"
"0","                         col_names = FALSE,"
"0","                         delim = ""\t"") %>%"
"0","  as.data.frame() %>%"
"0","  dplyr::select(ensembl=X1,PAC139=X2)"
"2","[1mRows: [22m[34m58721[39m [1mColumns: [22m[34m2[39m"
"2","[36mâ”€â”€[39m [1mColumn specification[22m [36mâ”€â”€â”€â”€â”€â”€â”€â”€â”€â”€â”€â”€â”€â”€â”€â”€â”€â”€â”€â”€â”€â”€â”€â”€â”€â”€â”€â”€â”€â”€â”€â”€â”€â”€â”€â”€â”€â”€â”€â”€â”€â”€â”€â”€â”€â”€â”€â”€â”€â”€â”€â”€â”€â”€â”€â”€â”€â”€â”€â”€â”€â”€â”€â”€â”€â”€â”€â”€â”€â”€â”€â”€â”€â”€â”€â”€â”€â”€â”€â”€â”€â”€[39m
[1mDelimiter:[22m ""\t""
[31mchr[39m (1): X1
[32mdbl[39m (1): X2"
"2","
[36mâ„¹[39m Use `spec()` to retrieve the full column specification for this data.
[36mâ„¹[39m Specify the column types or set `show_col_types = FALSE` to quiet this message."
